Arctic Ocean,Barents Sea,
Arctic Ocean,Beaufort Sea,
Arctic Ocean,Bering Sea,
Arctic Ocean,Chukchi Sea,
Arctic Ocean,Coronation Gulf,
Arctic Ocean,Greenland Sea,
Arctic Ocean,Gulf of Cumberland,
Arctic Ocean,,Whale Sound
Arctic Ocean,,
Atlantic Ocean,Adriatic Sea,
Atlantic Ocean,Aegean Sea,Haraki Bay
Atlantic Ocean,Aegean Sea,
Atlantic Ocean,Baltic Sea,Ablahamm Bay
Atlantic Ocean,Baltic Sea,
Atlantic Ocean,Bay of Fundy,
Atlantic Ocean,Caribbean Sea,Exuma Sound
Atlantic Ocean,Caribbean Sea,Guantanamo Bay
Atlantic Ocean,Caribbean Sea,Lameshur Bay
Atlantic Ocean,Caribbean Sea,Limon Bay
Atlantic Ocean,Caribbean Sea,Mt. Hartman Bay
Atlantic Ocean,Caribbean Sea,Runaway Bay
Atlantic Ocean,Caribbean Sea,Smith Bay
Atlantic Ocean,Caribbean Sea,
Atlantic Ocean,Cayman Sea,
Atlantic Ocean,Gulf of Cumberland,
Atlantic Ocean,Gulf of Maine,Bay of Fundy
Atlantic Ocean,Gulf of Maine,Buzzards Bay
Atlantic Ocean,Gulf of Maine,Buzzard's Bay
Atlantic Ocean,Gulf of Maine,Cape Cod Bay
Atlantic Ocean,Gulf of Maine,Casco Bay
Atlantic Ocean,Gulf of Maine,Cobscook Bay
Atlantic Ocean,Gulf of Maine,Eastern Bay
Atlantic Ocean,Gulf of Maine,Englishman's Bay
Atlantic Ocean,Gulf of Maine,Hingham Bay
Atlantic Ocean,Gulf of Maine,Ipswich Bay
Atlantic Ocean,Gulf of Maine,Massachusetts Bay
Atlantic Ocean,Gulf of Maine,Penobscot Bay
Atlantic Ocean,Gulf of Maine,
Atlantic Ocean,Gulf of Mexico,Apalachee Bay
Atlantic Ocean,Gulf of Mexico,Aransas Bay
Atlantic Ocean,Gulf of Mexico,Barataria Bay
Atlantic Ocean,Gulf of Mexico,Dickerson Bay
Atlantic Ocean,Gulf of Mexico,Florida Bay
Atlantic Ocean,Gulf of Mexico,Galveston Bay
Atlantic Ocean,Gulf of Mexico,Mobile Bay
Atlantic Ocean,Gulf of Mexico,Panacea Bay
Atlantic Ocean,Gulf of Mexico,Pelican Bay
Atlantic Ocean,Gulf of Mexico,Pensacola Bay
Atlantic Ocean,Gulf of Mexico,Pine Island Sound
Atlantic Ocean,Gulf of Mexico,Sarasota Bay
Atlantic Ocean,Gulf of Mexico,Tampa Bay
Atlantic Ocean,Gulf of Mexico,
Atlantic Ocean,Gulf of Saint Lawrence,Chaleur Bay
Atlantic Ocean,Gulf of Saint Lawrence,Egmont Bay
Atlantic Ocean,Gulf of Saint Lawrence,Gaspe Bay
Atlantic Ocean,Gulf of Saint Lawrence,Murray Bay
Atlantic Ocean,Gulf of Saint Lawrence,
Atlantic Ocean,Gulf of San Matias,
Atlantic Ocean,Irish Sea,
Atlantic Ocean,Labrador Sea,
Atlantic Ocean,Mediterranean Sea,Bay of Naples
Atlantic Ocean,Mediterranean Sea,
Atlantic Ocean,North Adriatic Sea,
Atlantic Ocean,North Sea,
Atlantic Ocean,Norwegian Sea,
Atlantic Ocean,Sargasso Sea,
Atlantic Ocean,,Alabaster Bay
Atlantic Ocean,,Albemarle Sound
Atlantic Ocean,,Bailey Bay
Atlantic Ocean,,Bailey's Bay
Atlantic Ocean,,Barnegat Bay
Atlantic Ocean,,Barneget Bay
Atlantic Ocean,,Bay of Biscay
Atlantic Ocean,,Bay of Fundy
Atlantic Ocean,,Bay of Maine
Atlantic Ocean,,Bay of Panama
Atlantic Ocean,,Biscayne Bay
Atlantic Ocean,,Block Island Sound
Atlantic Ocean,,Botafogo Bay
Atlantic Ocean,,Buzzards Bay
Atlantic Ocean,,Buzzard's Bay
Atlantic Ocean,,Cap Cod Bay
Atlantic Ocean,,Cape Cod Bay
Atlantic Ocean,,Casco Bay
Atlantic Ocean,,Chesapeake Bay
Atlantic Ocean,,Chincoteague Bay
Atlantic Ocean,,Conception Bay
Atlantic Ocean,,Cumberland Sound
Atlantic Ocean,,Davis Strait
Atlantic Ocean,,Delaware Bay
Atlantic Ocean,,Delaware bay
Atlantic Ocean,,English Channel
Atlantic Ocean,,Exuma Sound
Atlantic Ocean,,Fisher's Island Sound
Atlantic Ocean,,Gardiners Bay
Atlantic Ocean,,Gaspe Bay
Atlantic Ocean,,Great Bay
Atlantic Ocean,,Great Egg Bay
Atlantic Ocean,,Great Egg Harbor
Atlantic Ocean,,Great South Bay
Atlantic Ocean,,Harrington Sound
Atlantic Ocean,,Hudson Bay
Atlantic Ocean,,Hudson Strait
Atlantic Ocean,,Hungry Bay
Atlantic Ocean,,Indian River Bay
Atlantic Ocean,,Katama Bay
Atlantic Ocean,,Kattegat
Atlantic Ocean,,Little Narragansett Bay
Atlantic Ocean,,Little Neck Bay
Atlantic Ocean,,Logy Bay
Atlantic Ocean,,Long Island Sound
Atlantic Ocean,,Lower Bay
Atlantic Ocean,,Massachusetts Bay
Atlantic Ocean,,Mattapoisett Harbor
Atlantic Ocean,,Nantucket Sound
Atlantic Ocean,,Narragansett Bay
Atlantic Ocean,,Niantic Bay
Atlantic Ocean,,Oresund
Atlantic Ocean,,Oxwich Bay
Atlantic Ocean,,Pamlico Sound
Atlantic Ocean,,Peconic Bay
Atlantic Ocean,,Pine Island Sound
Atlantic Ocean,,Port Royal Sound
Atlantic Ocean,,Saint Davis Sound
Atlantic Ocean,,Saint Helena Sound
Atlantic Ocean,,Saint Lewis Sound
Atlantic Ocean,,Salem Sound
Atlantic Ocean,,Salt Bay
Atlantic Ocean,,Sarasota Bay
Atlantic Ocean,,Sheepscott Bay
Atlantic Ocean,,Shinnecock Bay
Atlantic Ocean,,Silver Bay
Atlantic Ocean,,Trinity Bay
Atlantic Ocean,,Ungava Bay
Atlantic Ocean,,Vineyard Sound
Atlantic Ocean,,
Indian Ocean,Andaman Sea,
Indian Ocean,Arabian Sea,
Indian Ocean,Bass Strait,Port Phillip Bay
Indian Ocean,Bass Strait,
Indian Ocean,Beagle Gulf,
Indian Ocean,Erythrean Sea,
Indian Ocean,Flores Sea,
Indian Ocean,Gulf of Aden,
Indian Ocean,Gulf of Mannar,
Indian Ocean,Gulf of Oman,
Indian Ocean,Gulf of Suez,
Indian Ocean,Madagascar Channel,
Indian Ocean,Persian Gulf,
Indian Ocean,Red Sea,
Indian Ocean,Timor Sea,
Indian Ocean,,Bay of Bengal
Indian Ocean,,Clappenburg Bay
Indian Ocean,,Durban Bay
Indian Ocean,,Dutch Bay
Indian Ocean,,Koddiyar Bay
Indian Ocean,,Kosi Bay
Indian Ocean,,Mozambique Channel
Indian Ocean,,
Pacific Ocean,Albay Gulf,
Pacific Ocean,Banda Sea,
Pacific Ocean,Bering Sea,
Pacific Ocean,Bismarck Sea,
Pacific Ocean,Celebes Sea,
Pacific Ocean,Ceram Sea,
Pacific Ocean,China Sea,
Pacific Ocean,Coral Sea,Cockle Bay
Pacific Ocean,Coral Sea,
Pacific Ocean,East China Sea,
Pacific Ocean,Gulf of Alaska,Prince William Sound
Pacific Ocean,Gulf of Alaska,
Pacific Ocean,Gulf of California,Adair Bay
Pacific Ocean,Gulf of California,Amortajada Bay
Pacific Ocean,Gulf of California,Conception Bay
Pacific Ocean,Gulf of California,Georges Bay
Pacific Ocean,Gulf of California,Puerto Refugio Bay
Pacific Ocean,Gulf of California,Salina Bay
Pacific Ocean,Gulf of California,San Felipe Bay
Pacific Ocean,Gulf of California,San Francisquito Bay
Pacific Ocean,Gulf of California,San Lucas Bay
Pacific Ocean,Gulf of California,Santa Inez Bay
Pacific Ocean,Gulf of California,
Pacific Ocean,Gulf of Chiriqui,
Pacific Ocean,Gulf of Fonseca,
Pacific Ocean,Gulf of Mexico,
Pacific Ocean,Gulf of Nicoya,
Pacific Ocean,Gulf of Panama,Bay of Panama
Pacific Ocean,Gulf of Panama,Panama Bay
Pacific Ocean,Gulf of Panama,Saint Elmo Bay
Pacific Ocean,Gulf of Panama,St. Elmo Bay
Pacific Ocean,Gulf of Panama,
Pacific Ocean,Gulf of Tehuantepec,
Pacific Ocean,Gulf of Thailand,
Pacific Ocean,Gulf of Tomini,
Pacific Ocean,Java Sea,
Pacific Ocean,Okhotsk Sea,
Pacific Ocean,Philippine Sea,Agana Bay
Pacific Ocean,Philippine Sea,Bile Bay
Pacific Ocean,Philippine Sea,Pago Bay
Pacific Ocean,Philippine Sea,Sella Bay
Pacific Ocean,Philippine Sea,Talofofo Bay
Pacific Ocean,Philippine Sea,
Pacific Ocean,Sea of Cortez,
Pacific Ocean,Sea of Japan,
Pacific Ocean,Sea of Molokai,
Pacific Ocean,Sea of Okhotsk,
Pacific Ocean,Shelikof Strait,
Pacific Ocean,South China Sea,
Pacific Ocean,Sulu Sea,
Pacific Ocean,Tasman Sea,
Pacific Ocean,Visayan Sea,
Pacific Ocean,,Akkeshi Bay
Pacific Ocean,,Alert Bay
Pacific Ocean,,Amortajada Bay
Pacific Ocean,,Avacha Bay
Pacific Ocean,,Ballandra Bay
Pacific Ocean,,Bay of Bengal
Pacific Ocean,,Bay of Panama
Pacific Ocean,,Bay of Plenty
Pacific Ocean,,Bellingham Bay
Pacific Ocean,,Bodega Bay
Pacific Ocean,,Bowman Bay
Pacific Ocean,,De Pae Bay
Pacific Ocean,,Duncan Bay
Pacific Ocean,,East Sound
Pacific Ocean,,Eschscholtz Bay
Pacific Ocean,,Frederick Sound
Pacific Ocean,,Friday Harbor
Pacific Ocean,,Glacier Bay
Pacific Ocean,,Gulf of Dulce
Pacific Ocean,,Hakodate Bay
Pacific Ocean,,Katchemak Bay
Pacific Ocean,,Monterey Bay
Pacific Ocean,,Nazan Bay
Pacific Ocean,,Norton Sound
Pacific Ocean,,Orange Bay
Pacific Ocean,,Osaka Bay
Pacific Ocean,,Pago Bay
Pacific Ocean,,Panama Bay
Pacific Ocean,,Panglao Bay
Pacific Ocean,,Popof Strait
Pacific Ocean,,Puget Sound
Pacific Ocean,,Queen Charlotte Sound
Pacific Ocean,,Queen Charlotte Strait
Pacific Ocean,,Reloncavi Sound
Pacific Ocean,,Resurrection Bay
Pacific Ocean,,Roebuck Bay
Pacific Ocean,,Salina Bay
Pacific Ocean,,San Diego Bay
Pacific Ocean,,San Francisco Bay
Pacific Ocean,,Semiahmoo Bay
Pacific Ocean,,Tanabe Bay
Pacific Ocean,,Tomales Bay
Pacific Ocean,,Unalaska Bay
Pacific Ocean,,Urquharts Bay
Pacific Ocean,,Virago Sound
Pacific Ocean,,Washington Bay
Pacific Ocean,,Whitsunday Passage
Pacific Ocean,,
Southern Ocean,Ross Sea,McMurdo Sound
Southern Ocean,Ross Sea,
Southern Ocean,Weddell Sea,
Southern Ocean,,Arthur Harbor
Southern Ocean,,Bransfield Strait
Southern Ocean,,Dallmann Bay
Southern Ocean,,McMurdo Sound
Southern Ocean,,
,Dead Sea,
,,Albemarle Sound
,,Backstairs Passage
,,Bass Strait
,,Bay of Fundy
,,Bay of Panama
,,Bering Strait
,,Buzzard's Bay
,,Cape Cod Bay
,,Delaware Bay
,,Escambia Bay
,,Gardiner's Bay
,,Great Australian Bight
,,Hudson Bay
,,James Bay
,,King George Sound
,,Kotzebue Sound
,,Long Island Sound
,,Massachusetts Bay
,,Mobile Bay
,,Narragansett Bay
,,Norton Sound
,,Pamlico Sound
,,Panama Bay
,,Pensacola Bay
,,Puget Sound
,,Southold Bay
,,Vineyard Sound
